key,severity,type,component,line,message,status,author,creationDate
77aaf0cd-4c62-40e2-b598-57c54b46be3b,MAJOR,CODE_SMELL,FRmicrow_dataFootV1:backend/src/services/v3/simulationService.js,113,Extract this nested ternary operation into an independent statement.,OPEN,parsisdominique@gmail.com,2026-03-08T19:34:27+0100
e9b4aabe-bda9-475d-9dda-4fb389e44f20,MAJOR,CODE_SMELL,FRmicrow_dataFootV1:backend/src/services/v3/simulationService.js,125,Take the required action to fix the issue indicated by this comment.,OPEN,parsisdominique@gmail.com,2026-03-08T19:34:27+0100
a555711b-793c-4ade-9182-8f170f327e48,MAJOR,CODE_SMELL,FRmicrow_dataFootV1:backend/src/controllers/v3/importControllerV3.js,49,Extract this nested ternary operation into an independent statement.,OPEN,parsisdominique@gmail.com,2026-03-08T15:54:13+0100
b5b75762-0b32-40cb-be75-06fe1c2779d6,MINOR,CODE_SMELL,FRmicrow_dataFootV1:backend/src/controllers/v3/importMatrixController.js,8,Remove this unused import of 'STATUS_LABELS'.,OPEN,parsisdominique@gmail.com,2026-03-08T15:54:13+0100
b6e470a1-315c-4b06-a8be-e7463d00b35a,MINOR,CODE_SMELL,FRmicrow_dataFootV1:backend/src/controllers/v3/mlController.js,43,Don't use a zero fraction in the number.,OPEN,parsisdominique@gmail.com,2026-03-08T15:54:13+0100
e2757fd2-61aa-442b-877d-35b751882946,MINOR,CODE_SMELL,FRmicrow_dataFootV1:backend/src/controllers/v3/mlController.js,43,Don't use a zero fraction in the number.,OPEN,parsisdominique@gmail.com,2026-03-08T15:54:13+0100
a628ecab-77af-458e-8d2d-ad7c4c52b2a9,MINOR,CODE_SMELL,FRmicrow_dataFootV1:backend/src/controllers/v3/mlController.js,88,Handle this exception or don't catch it at all.,OPEN,parsisdominique@gmail.com,2026-03-08T15:54:13+0100
1eee6246-a9d1-4c8b-a593-6fd3a68eebaf,MINOR,CODE_SMELL,FRmicrow_dataFootV1:backend/src/services/v3/auditService.js,130,Remove the declaration of the unused 'alreadyLockedCount' variable.,OPEN,parsisdominique@gmail.com,2026-03-08T15:54:13+0100
85bf48a2-ca9f-49cb-b8eb-b1b990e65262,MINOR,CODE_SMELL,FRmicrow_dataFootV1:backend/src/services/v3/deepSyncService.js,168,Remove the declaration of the unused 'res' variable.,OPEN,parsisdominique@gmail.com,2026-03-08T15:54:13+0100
dbea0ab9-dbd3-4908-a6f5-6c32abd46e6e,MAJOR,CODE_SMELL,FRmicrow_dataFootV1:backend/src/services/v3/deepSyncService.js,168,"Remove this useless assignment to variable ""res"".",OPEN,parsisdominique@gmail.com,2026-03-08T15:54:13+0100
02d94e72-bd3f-499a-83eb-45298a18fe71,MINOR,CODE_SMELL,FRmicrow_dataFootV1:backend/src/services/v3/importStatusService.js,14,Remove this unused import of 'STATUS_LABELS'.,OPEN,parsisdominique@gmail.com,2026-03-08T15:54:13+0100
e0ab4082-6211-49e0-b84f-8a1663e384a0,MINOR,CODE_SMELL,FRmicrow_dataFootV1:backend/src/services/v3/leagueImportService.js,193,Handle this exception or don't catch it at all.,OPEN,parsisdominique@gmail.com,2026-03-08T15:54:13+0100
402151f6-b39f-45c8-ae8a-0b7ac97c813f,MAJOR,CODE_SMELL,FRmicrow_dataFootV1:backend/src/services/v3/liveBetService.js,165,"Remove this useless assignment to variable ""results"".",OPEN,parsisdominique@gmail.com,2026-03-08T15:54:13+0100
92c51b47-5872-4550-9e28-62a90f9cd542,MINOR,CODE_SMELL,FRmicrow_dataFootV1:backend/src/services/v3/liveBetService.js,165,Remove the declaration of the unused 'results' variable.,OPEN,parsisdominique@gmail.com,2026-03-08T15:54:13+0100
71da20de-aa7a-4ca8-90ae-dfe1f284a53a,MAJOR,CODE_SMELL,FRmicrow_dataFootV1:backend/src/services/v3/liveBetService.js,256,Extract this nested ternary operation into an independent statement.,OPEN,parsisdominique@gmail.com,2026-03-08T15:54:13+0100
c0df37f8-f492-42f2-9208-ab0a3cc72ce7,MAJOR,CODE_SMELL,FRmicrow_dataFootV1:backend/src/services/v3/liveBetService.js,259,Extract this nested ternary operation into an independent statement.,OPEN,parsisdominique@gmail.com,2026-03-08T15:54:13+0100
5c50e688-52d8-42f6-bde9-862459baabcd,MAJOR,CODE_SMELL,FRmicrow_dataFootV1:backend/src/services/v3/liveBetService.js,266,Extract this nested ternary operation into an independent statement.,OPEN,parsisdominique@gmail.com,2026-03-08T15:54:13+0100
25a5582d-778a-4ff4-9973-ae44b3332c3f,MAJOR,CODE_SMELL,FRmicrow_dataFootV1:backend/src/services/v3/liveBetService.js,315,This statement will not be executed conditionally; only the first statement will be. The rest will execute unconditionally.,OPEN,parsisdominique@gmail.com,2026-03-08T15:54:13+0100
ab7b3375-a453-4696-bc43-1129f6f4b63f,MINOR,CODE_SMELL,FRmicrow_dataFootV1:backend/src/services/v3/quantService.js,51,Don't use a zero fraction in the number.,OPEN,parsisdominique@gmail.com,2026-03-08T15:54:13+0100
4c44a9ae-9051-4aa8-88c0-d7e288bc3a1e,MINOR,CODE_SMELL,FRmicrow_dataFootV1:backend/src/services/v3/quantService.js,73,Don't use a zero fraction in the number.,OPEN,parsisdominique@gmail.com,2026-03-08T15:54:13+0100
5a4f8417-1f08-481b-931c-b17bca5e48a8,MINOR,CODE_SMELL,FRmicrow_dataFootV1:backend/src/services/v3/tacticalStatsService.js,43,Unexpected negated condition.,OPEN,parsisdominique@gmail.com,2026-03-08T15:54:13+0100
b5b724ea-77ef-40c6-b196-30aedc509358,MINOR,CODE_SMELL,FRmicrow_dataFootV1:backend/src/services/v3/tacticalStatsService.js,110,Do not use an object literal as default for parameter `options`.,OPEN,parsisdominique@gmail.com,2026-03-08T15:54:13+0100
5bed99d2-a82e-4ebc-addc-499df2382571,MINOR,CODE_SMELL,FRmicrow_dataFootV1:backend/src/services/v3/tacticalStatsService.js,130,Expected a `for-of` loop instead of a `for` loop with this simple iteration.,OPEN,parsisdominique@gmail.com,2026-03-08T15:54:13+0100
dba6c740-55ce-4298-909b-f7982a3bb3d0,MINOR,CODE_SMELL,FRmicrow_dataFootV1:backend/src/utils/v3Helpers.js,80,"`PREFERRED_IDS` should be a `Set`, and use `PREFERRED_IDS.has()` to check existence or non-existence.",OPEN,parsisdominique@gmail.com,2026-03-08T15:49:04+0100
5e10241e-dbe9-4040-b356-f1f00e4c7969,MINOR,CODE_SMELL,FRmicrow_dataFootV1:backend/src/config/database.js,49,Prefer `String#replaceAll()` over `String#replace()`.,OPEN,parsisdominique@gmail.com,2026-03-08T02:20:09+0100
f5a95d86-28cf-4eec-8f6f-98db8fa921ce,MINOR,CODE_SMELL,FRmicrow_dataFootV1:backend/src/controllers/v3/importMatrixController.js,8,Remove this unused import of 'PILLARS'.,OPEN,parsisdominique@gmail.com,2026-03-08T02:20:09+0100
44e10821-2ba7-4255-9e18-625012c1823b,MINOR,CODE_SMELL,FRmicrow_dataFootV1:backend/src/controllers/v3/importMatrixController.js,103,Handle this exception or don't catch it at all.,OPEN,parsisdominique@gmail.com,2026-03-08T02:20:09+0100
d5103d7c-a289-4b24-b887-1edf424e71fb,MINOR,CODE_SMELL,FRmicrow_dataFootV1:backend/src/controllers/v3/importMatrixController.js,109,Handle this exception or don't catch it at all.,OPEN,parsisdominique@gmail.com,2026-03-08T02:20:09+0100
a621cb58-1e8b-43d2-b83a-563a87b16e43,MAJOR,CODE_SMELL,FRmicrow_dataFootV1:backend/src/controllers/v3/importMatrixController.js,215,Update this function so that its implementation is not identical to the one on line 99.,OPEN,parsisdominique@gmail.com,2026-03-08T02:20:09+0100
ec1d11a3-9d33-4d74-b4f4-f3bed4c3382c,MINOR,CODE_SMELL,FRmicrow_dataFootV1:backend/src/controllers/v3/importMatrixController.js,219,Handle this exception or don't catch it at all.,OPEN,parsisdominique@gmail.com,2026-03-08T02:20:09+0100
9a518878-989c-442f-9dea-99dfb5a6ff0c,MINOR,CODE_SMELL,FRmicrow_dataFootV1:backend/src/controllers/v3/importMatrixController.js,225,Handle this exception or don't catch it at all.,OPEN,parsisdominique@gmail.com,2026-03-08T02:20:09+0100
d2df3e16-f0a9-48a0-b265-0036018cd073,MINOR,CODE_SMELL,FRmicrow_dataFootV1:backend/src/controllers/v3/importMatrixController.js,269,"`existingApiIds` should be a `Set`, and use `existingApiIds.has()` to check existence or non-existence.",OPEN,parsisdominique@gmail.com,2026-03-08T02:20:09+0100
289b2d75-51a2-46e4-a80d-c5ca379ea851,MAJOR,CODE_SMELL,FRmicrow_dataFootV1:backend/src/controllers/v3/importMatrixController.js,299,Update this function so that its implementation is not identical to the one on line 99.,OPEN,parsisdominique@gmail.com,2026-03-08T02:20:09+0100
f82a9b76-f336-4294-8b71-de35e4aabed0,MINOR,CODE_SMELL,FRmicrow_dataFootV1:backend/src/controllers/v3/importMatrixController.js,303,Handle this exception or don't catch it at all.,OPEN,parsisdominique@gmail.com,2026-03-08T02:20:09+0100
30f3cde5-feb3-4bc1-96a1-7ec0cd59cc84,MINOR,CODE_SMELL,FRmicrow_dataFootV1:backend/src/controllers/v3/importMatrixController.js,309,Handle this exception or don't catch it at all.,OPEN,parsisdominique@gmail.com,2026-03-08T02:20:09+0100
f5da0352-9bb1-499e-9460-23720eb23879,MAJOR,CODE_SMELL,FRmicrow_dataFootV1:backend/src/controllers/v3/importMatrixController.js,357,Update this function so that its implementation is not identical to the one on line 99.,OPEN,parsisdominique@gmail.com,2026-03-08T02:20:09+0100
4fbf3816-cd22-4a77-9b8c-26e474b6b75c,MINOR,CODE_SMELL,FRmicrow_dataFootV1:backend/src/controllers/v3/importMatrixController.js,361,Handle this exception or don't catch it at all.,OPEN,parsisdominique@gmail.com,2026-03-08T02:20:09+0100
c4c12765-542d-4c23-bbd2-cb31652d3fbc,MINOR,CODE_SMELL,FRmicrow_dataFootV1:backend/src/controllers/v3/importMatrixController.js,367,Handle this exception or don't catch it at all.,OPEN,parsisdominique@gmail.com,2026-03-08T02:20:09+0100
71c49ff9-e992-478b-953c-8812b282c1bc,CRITICAL,CODE_SMELL,FRmicrow_dataFootV1:backend/src/controllers/v3/mlController.js,165,Refactor this function to reduce its Cognitive Complexity from 17 to the 15 allowed.,OPEN,parsisdominique@gmail.com,2026-03-08T02:20:09+0100
8d2c63e5-0dac-4a03-994d-5559d949cb10,MINOR,CODE_SMELL,FRmicrow_dataFootV1:backend/src/server.js,58,"Use `.includes()`, rather than `.indexOf()`, when checking for existence.",OPEN,parsisdominique@gmail.com,2026-03-08T02:20:09+0100
0e697206-1306-46a3-88c8-3beee5a3dc99,MINOR,CODE_SMELL,FRmicrow_dataFootV1:backend/src/services/v3/auditService.js,4,Remove this unused import of 'STATUS_LABELS'.,OPEN,parsisdominique@gmail.com,2026-03-08T02:20:09+0100
fc212678-0f07-4fee-ba5a-60372be4bbbe,MINOR,CODE_SMELL,FRmicrow_dataFootV1:backend/src/services/v3/auditService.js,4,Remove this unused import of 'PILLARS'.,OPEN,parsisdominique@gmail.com,2026-03-08T02:20:09+0100
f8d01b5d-4a0b-448c-a0ca-3dff43f8b19e,MAJOR,CODE_SMELL,FRmicrow_dataFootV1:backend/src/services/v3/deepSyncService.js,83,Extract this nested ternary operation into an independent statement.,OPEN,parsisdominique@gmail.com,2026-03-08T02:20:09+0100
1abcc661-1f80-410b-b2d8-a9424a9fb431,MINOR,CODE_SMELL,FRmicrow_dataFootV1:backend/src/services/v3/deepSyncService.js,150,Remove the declaration of the unused 'seasonStart' variable.,OPEN,parsisdominique@gmail.com,2026-03-08T02:20:09+0100
dc5d77de-6623-4d5c-80d4-668196582dd8,MAJOR,CODE_SMELL,FRmicrow_dataFootV1:backend/src/services/v3/deepSyncService.js,150,"Remove this useless assignment to variable ""seasonStart"".",OPEN,parsisdominique@gmail.com,2026-03-08T02:20:09+0100
2d6b6017-71dd-47d0-bf56-13d2abdafbfe,MINOR,CODE_SMELL,FRmicrow_dataFootV1:backend/src/services/v3/deepSyncService.js,217,Expected a `for-of` loop instead of a `for` loop with this simple iteration.,OPEN,parsisdominique@gmail.com,2026-03-08T02:20:09+0100
c0cfced2-4dfa-4f57-8cb8-ce1d5be627c1,MINOR,CODE_SMELL,FRmicrow_dataFootV1:backend/src/services/v3/deepSyncService.js,230,Handle this exception or don't catch it at all.,OPEN,parsisdominique@gmail.com,2026-03-08T02:20:09+0100
a9e2cdea-bf09-4998-9a49-f28cada393ae,MINOR,CODE_SMELL,FRmicrow_dataFootV1:backend/src/utils/sqlHelpers.js,13,Handle this exception or don't catch it at all.,OPEN,parsisdominique@gmail.com,2026-03-08T02:20:09+0100
c37baee9-e0e9-4943-ab98-21da67bbe4dd,CRITICAL,CODE_SMELL,FRmicrow_dataFootV1:backend/src/migrations/registry/20260228_01_ExistingColumnsAdditions.js,1,Refactor this function to reduce its Cognitive Complexity from 21 to the 15 allowed.,OPEN,parsisdominique@gmail.com,2026-03-07T23:16:03+0100
98121406-8db5-4285-8f6e-3bd2f919d05f,CRITICAL,CODE_SMELL,FRmicrow_dataFootV1:backend/src/migrations/registry/20260301_99_FinalSchemaAudit.js,1,Refactor this function to reduce its Cognitive Complexity from 18 to the 15 allowed.,OPEN,parsisdominique@gmail.com,2026-03-07T23:16:03+0100
04d3d7cc-6951-43dd-875d-c3e92ea5f5cf,CRITICAL,CODE_SMELL,FRmicrow_dataFootV1:backend/src/repositories/v3/ClubRepository.js,57,Refactor this function to reduce its Cognitive Complexity from 20 to the 15 allowed.,OPEN,parsisdominique@gmail.com,2026-03-07T23:16:03+0100
50abdb5e-6f9f-4d8a-94b9-e88e379cf58e,MINOR,CODE_SMELL,FRmicrow_dataFootV1:backend/src/services/v3/MigrationService.js,49,"`applied` should be a `Set`, and use `applied.has()` to check existence or non-existence.",OPEN,parsisdominique@gmail.com,2026-03-07T23:16:03+0100
c5a79b0a-1596-4f83-be72-12811e446bf6,MINOR,CODE_SMELL,FRmicrow_dataFootV1:backend/src/routes/v3/ml_routes.js,27,Remove this unused import of 'getMLSimulationFilters'.,OPEN,parsisdominique@gmail.com,2026-03-06T11:33:17+0100
2160d41d-5959-444e-9c0d-7f9af9b041fb,MAJOR,CODE_SMELL,FRmicrow_dataFootV1:backend/src/scripts/fix_odds_schema.js,31,Prefer top-level await over an async function `fixOddsSchema` call.,OPEN,parsisdominique@gmail.com,2026-03-06T11:33:17+0100
57ea31eb-d217-4639-bc90-7e4100efa315,MAJOR,CODE_SMELL,FRmicrow_dataFootV1:backend/src/scripts/oddsCatchupBulk.js,50,Prefer top-level await over an async function `runBulkCatchup` call.,OPEN,parsisdominique@gmail.com,2026-03-05T00:08:16+0100
f30e773e-64bc-4fa4-8f1a-019bef2d1a57,MINOR,CODE_SMELL,FRmicrow_dataFootV1:backend/src/services/v3/OddsSyncService.js,3,Remove this unused import of 'cleanParams'.,OPEN,parsisdominique@gmail.com,2026-03-03T19:47:29+0100
758b1698-2aee-490a-9832-adf04b289af4,MINOR,CODE_SMELL,FRmicrow_dataFootV1:backend/src/migrations/registry/20260228_01_ExistingColumnsAdditions.js,40,Handle this exception or don't catch it at all.,OPEN,parsisdominique@gmail.com,2026-03-01T12:22:15+0100
7e7a24ca-bcbf-4903-add4-cb3133d9725a,MINOR,CODE_SMELL,FRmicrow_dataFootV1:backend/src/migrations/registry/20260228_01_ExistingColumnsAdditions.js,49,Handle this exception or don't catch it at all.,OPEN,parsisdominique@gmail.com,2026-03-01T12:22:15+0100
5586ab76-ff99-44d8-bfb1-2cd0067a405d,MINOR,CODE_SMELL,FRmicrow_dataFootV1:backend/src/migrations/registry/20260228_01_ExistingColumnsAdditions.js,57,Handle this exception or don't catch it at all.,OPEN,parsisdominique@gmail.com,2026-03-01T12:22:15+0100
3fea123d-8948-462c-8ab2-ec10aff25095,MINOR,CODE_SMELL,FRmicrow_dataFootV1:backend/src/migrations/registry/20260228_01_ExistingColumnsAdditions.js,67,Handle this exception or don't catch it at all.,OPEN,parsisdominique@gmail.com,2026-03-01T12:22:15+0100
7f9618c9-33a4-49e5-97f0-d9b14b1ba5e6,CRITICAL,CODE_SMELL,FRmicrow_dataFootV1:backend/src/migrations/registry/20260228_03_BackpopulateImportStatus.js,1,Refactor this function to reduce its Cognitive Complexity from 36 to the 15 allowed.,OPEN,parsisdominique@gmail.com,2026-03-01T12:22:15+0100
db52f98d-1ea4-4df9-ba28-7af0d98a3574,MAJOR,CODE_SMELL,FRmicrow_dataFootV1:backend/src/migrations/registry/20260228_03_BackpopulateImportStatus.js,21,Extract this nested ternary operation into an independent statement.,OPEN,parsisdominique@gmail.com,2026-03-01T12:22:15+0100
dd50bb11-536b-4436-9222-abd0c059a9e5,MINOR,CODE_SMELL,FRmicrow_dataFootV1:backend/src/migrations/registry/20260228_03_BackpopulateImportStatus.js,37,Handle this exception or don't catch it at all.,OPEN,parsisdominique@gmail.com,2026-03-01T12:22:15+0100
b5f6deda-ad1b-4c6e-9045-455df15db581,MAJOR,CODE_SMELL,FRmicrow_dataFootV1:backend/src/repositories/v3/BaseRepository.js,17,Refactor this code to not use nested template literals.,OPEN,parsisdominique@gmail.com,2026-03-01T12:22:15+0100
317d224a-efc5-4cc6-b6c7-71297bbd8e2c,MAJOR,CODE_SMELL,FRmicrow_dataFootV1:backend/src/repositories/v3/BaseRepository.js,28,Refactor this code to not use nested template literals.,OPEN,parsisdominique@gmail.com,2026-03-01T12:22:15+0100
ceb53558-6b35-402c-9ba3-6a646011c424,MAJOR,CODE_SMELL,FRmicrow_dataFootV1:backend/src/repositories/v3/BaseRepository.js,87,Refactor this code to not use nested template literals.,OPEN,parsisdominique@gmail.com,2026-03-01T12:22:15+0100
f52312ed-5402-4bfc-a552-a93924ca72bc,MINOR,CODE_SMELL,FRmicrow_dataFootV1:backend/src/services/v3/ColorService.js,63,Handle this exception or don't catch it at all.,OPEN,parsisdominique@gmail.com,2026-03-01T12:22:15+0100
67e56e8c-68dc-489e-b755-9d445ffcb983,CRITICAL,CODE_SMELL,FRmicrow_dataFootV1:backend/src/services/v3/importControlService.js,63,Refactor this function to reduce its Cognitive Complexity from 17 to the 15 allowed.,OPEN,parsisdominique@gmail.com,2026-02-25T22:04:06+0100
57c1edcf-20f2-40d6-9818-9d00aacea771,MINOR,CODE_SMELL,FRmicrow_dataFootV1:backend/src/services/v3/importStatusService.js,278,Remove the declaration of the unused 'now' variable.,OPEN,parsisdominique@gmail.com,2026-02-25T22:04:06+0100
58023e96-83e3-4853-bbc9-66ba166015a9,MAJOR,CODE_SMELL,FRmicrow_dataFootV1:backend/src/services/v3/importStatusService.js,278,"Remove this useless assignment to variable ""now"".",OPEN,parsisdominique@gmail.com,2026-02-25T22:04:06+0100
7eaed118-3576-4e39-b0f9-c22e15ddb8de,MINOR,CODE_SMELL,FRmicrow_dataFootV1:backend/src/services/v3/SimulationQueueService.js,2,Prefer `node:child_process` over `child_process`.,OPEN,parsisdominique@gmail.com,2026-02-25T16:34:35+0100
aca8d9f1-584b-4e00-bf13-e2e73a01dc11,MINOR,CODE_SMELL,FRmicrow_dataFootV1:backend/src/services/v3/SimulationQueueService.js,192,Handle this exception or don't catch it at all.,OPEN,parsisdominique@gmail.com,2026-02-25T16:34:35+0100
c09ded79-0693-43a0-b609-3d787ca0b89c,MINOR,CODE_SMELL,FRmicrow_dataFootV1:backend/src/services/v3/SimulationQueueService.js,209,Handle this exception or don't catch it at all.,OPEN,parsisdominique@gmail.com,2026-02-25T16:34:35+0100
2cb8f14d-136c-4e2a-9ca0-e8ab955c525a,MINOR,CODE_SMELL,FRmicrow_dataFootV1:backend/src/services/v3/mlService.js,20,Don't use a zero fraction in the number.,OPEN,parsisdominique@gmail.com,2026-02-25T16:34:35+0100
3c3d6d24-21f7-4126-acf9-5daea738fad3,MINOR,CODE_SMELL,FRmicrow_dataFootV1:backend/src/services/v3/mlService.js,21,Don't use a zero fraction in the number.,OPEN,parsisdominique@gmail.com,2026-02-25T16:34:35+0100
8f26c2b9-5ae2-44e0-9316-7e4ed1b45a2e,MINOR,CODE_SMELL,FRmicrow_dataFootV1:backend/src/services/v3/mlService.js,22,Don't use a zero fraction in the number.,OPEN,parsisdominique@gmail.com,2026-02-25T16:34:35+0100
cce523d3-d15a-4dc6-97bd-08b0656f42a2,MINOR,CODE_SMELL,FRmicrow_dataFootV1:backend/src/services/v3/mlService.js,56,Handle this exception or don't catch it at all.,OPEN,parsisdominique@gmail.com,2026-02-25T16:34:35+0100
dcddef60-47fd-4dcf-a078-cdc205fb21a4,MINOR,CODE_SMELL,FRmicrow_dataFootV1:backend/src/services/v3/mlService.js,82,Handle this exception or don't catch it at all.,OPEN,parsisdominique@gmail.com,2026-02-25T16:34:35+0100
f3479374-4579-4e79-9bc5-07dadb4159d6,MINOR,CODE_SMELL,FRmicrow_dataFootV1:backend/src/services/v3/mlService.js,107,Handle this exception or don't catch it at all.,OPEN,parsisdominique@gmail.com,2026-02-25T16:34:35+0100
1661c628-90f5-4183-b5ad-e328802cfe6f,MINOR,CODE_SMELL,FRmicrow_dataFootV1:backend/src/services/v3/mlService.js,116,Handle this exception or don't catch it at all.,OPEN,parsisdominique@gmail.com,2026-02-25T16:34:35+0100
de5b6e59-79f8-4e50-b82f-314c8a6b6f01,MINOR,CODE_SMELL,FRmicrow_dataFootV1:backend/src/services/v3/mlService.js,125,Handle this exception or don't catch it at all.,OPEN,parsisdominique@gmail.com,2026-02-25T16:34:35+0100
f9dc847c-6086-4154-a4a1-f3fa9bf7a791,MINOR,CODE_SMELL,FRmicrow_dataFootV1:backend/src/services/v3/mlService.js,150,Handle this exception or don't catch it at all.,OPEN,parsisdominique@gmail.com,2026-02-25T16:34:35+0100
e1b43db1-08ed-4d9c-83e3-312b7fc6a09e,MINOR,CODE_SMELL,FRmicrow_dataFootV1:backend/src/services/v3/mlService.js,164,Handle this exception or don't catch it at all.,OPEN,parsisdominique@gmail.com,2026-02-25T16:34:35+0100
55785a46-23ba-45e5-bee0-572412e37321,MINOR,CODE_SMELL,FRmicrow_dataFootV1:backend/src/services/v3/mlService.js,174,Handle this exception or don't catch it at all.,OPEN,parsisdominique@gmail.com,2026-02-25T16:34:35+0100
64b9a3f4-a84f-431a-a0dd-c2525e35b050,MINOR,CODE_SMELL,FRmicrow_dataFootV1:backend/src/services/v3/ImportService.js,146,Prefer `String#replaceAll()` over `String#replace()`.,OPEN,parsisdominique@gmail.com,2026-02-25T14:50:48+0100
64fda33a-fa7d-4fc1-aac4-f5a76a52c4c2,CRITICAL,CODE_SMELL,FRmicrow_dataFootV1:backend/src/services/v3/deepSyncService.js,96,Refactor this function to reduce its Cognitive Complexity from 44 to the 15 allowed.,OPEN,parsisdominique@gmail.com,2026-02-25T14:50:48+0100
6a3067c1-6d13-429f-a530-4cb42aa8ce81,MINOR,CODE_SMELL,FRmicrow_dataFootV1:backend/src/controllers/v3/simulationController.js,81,Handle this exception or don't catch it at all.,OPEN,parsisdominique@gmail.com,2026-02-25T09:09:25+0100
8c5e3344-58b0-4b71-9fd8-f7accea8a900,MINOR,CODE_SMELL,FRmicrow_dataFootV1:backend/src/controllers/v3/mlController.js,75,Handle this exception or don't catch it at all.,OPEN,parsisdominique@gmail.com,2026-02-24T21:57:22+0100
c0b853ef-9576-4cc3-82df-5991dc1f7678,MINOR,CODE_SMELL,FRmicrow_dataFootV1:backend/src/controllers/v3/mlController.js,292,Handle this exception or don't catch it at all.,OPEN,parsisdominique@gmail.com,2026-02-24T21:57:22+0100
1479327c-6518-4bbd-9759-209cf936bae7,MINOR,CODE_SMELL,FRmicrow_dataFootV1:backend/src/controllers/v3/mlController.js,323,Handle this exception or don't catch it at all.,OPEN,parsisdominique@gmail.com,2026-02-24T21:57:22+0100
d7da5fad-6a7a-4713-8ee2-36f4d431e701,MINOR,CODE_SMELL,FRmicrow_dataFootV1:backend/src/controllers/v3/mlController.js,334,Handle this exception or don't catch it at all.,OPEN,parsisdominique@gmail.com,2026-02-24T21:57:22+0100
e9e58a54-18a4-48d6-a8f5-b79938fadd2a,MINOR,CODE_SMELL,FRmicrow_dataFootV1:backend/src/services/v3/simulationService.js,124,Unexpected negated condition.,OPEN,parsisdominique@gmail.com,2026-02-24T21:57:22+0100
b7cc4744-233e-4105-9dde-559b0fe0f3c4,MINOR,CODE_SMELL,FRmicrow_dataFootV1:backend/src/scripts/generate_mock_backtest_data.js,28,Don't use a zero fraction in the number.,OPEN,parsisdominique@gmail.com,2026-02-24T15:00:25+0100
89a53135-3468-473a-a4e8-85f02af3a31d,MINOR,CODE_SMELL,FRmicrow_dataFootV1:backend/src/scripts/generate_mock_backtest_data.js,34,Don't use a zero fraction in the number.,OPEN,parsisdominique@gmail.com,2026-02-24T15:00:25+0100
3ef91b26-7afc-4d02-88f5-7b8eadbea630,MINOR,CODE_SMELL,FRmicrow_dataFootV1:backend/src/scripts/generate_mock_backtest_data.js,39,Don't use a zero fraction in the number.,OPEN,parsisdominique@gmail.com,2026-02-24T15:00:25+0100
53ef20ef-a45c-43f4-a2fb-f0abe0db0be2,MINOR,CODE_SMELL,FRmicrow_dataFootV1:backend/src/scripts/generate_mock_backtest_data.js,61,Handle this exception or don't catch it at all.,OPEN,parsisdominique@gmail.com,2026-02-24T15:00:25+0100
5f5c021f-6823-411d-8007-ffadb8c61da8,MINOR,CODE_SMELL,FRmicrow_dataFootV1:backend/src/scripts/generate_predictions.js,24,Remove the declaration of the unused 'insertedPreds' variable.,OPEN,parsisdominique@gmail.com,2026-02-24T15:00:25+0100
af6ac617-2b8b-4ccb-99e0-a72e2be8b564,MINOR,CODE_SMELL,FRmicrow_dataFootV1:backend/src/scripts/generate_predictions.js,32,Don't use a zero fraction in the number.,OPEN,parsisdominique@gmail.com,2026-02-24T15:00:25+0100
517bc392-1f2e-413e-8c80-57102610dcae,MINOR,CODE_SMELL,FRmicrow_dataFootV1:backend/src/scripts/generate_predictions.js,46,Handle this exception or don't catch it at all.,OPEN,parsisdominique@gmail.com,2026-02-24T15:00:25+0100
284c3806-f079-423b-a098-b32f9fffaf1b,MINOR,CODE_SMELL,FRmicrow_dataFootV1:backend/src/workers/bulkForgeWorker.js,2,Prefer `node:child_process` over `child_process`.,OPEN,parsisdominique@gmail.com,2026-02-24T15:00:25+0100
fdc3d935-c464-4090-84f3-8bf4e71d44e4,MINOR,CODE_SMELL,FRmicrow_dataFootV1:backend/src/controllers/v3/simulationController.js,90,Handle this exception or don't catch it at all.,OPEN,parsisdominique@gmail.com,2026-02-24T15:00:18+0100
bcc2164e-3176-4ed4-9c99-516d424fd257,MINOR,CODE_SMELL,FRmicrow_dataFootV1:backend/src/scripts/setup_v8_schema.js,2,Prefer `node:fs` over `fs`.,OPEN,parsisdominique@gmail.com,2026-02-24T15:00:18+0100
7f31879e-2102-4d16-96f8-4512d55fdf42,MINOR,CODE_SMELL,FRmicrow_dataFootV1:backend/src/scripts/setup_v8_schema.js,4,Prefer `node:path` over `path`.,OPEN,parsisdominique@gmail.com,2026-02-24T15:00:18+0100
e7fc4ba3-bb14-4a5a-8368-3e8556bc5983,MAJOR,CODE_SMELL,FRmicrow_dataFootV1:backend/src/scripts/setup_v8_schema.js,101,Prefer top-level await over using a promise chain.,OPEN,parsisdominique@gmail.com,2026-02-24T15:00:18+0100
56215b28-d23f-4a8f-ac93-897d3510f05b,MINOR,CODE_SMELL,FRmicrow_dataFootV1:backend/src/controllers/v3/intelligenceController.js,9,Don't use a zero fraction in the number.,OPEN,parsisdominique@gmail.com,2026-02-23T11:01:55+0100
13cea5d4-3a22-4047-b11f-ca533381a929,MINOR,CODE_SMELL,FRmicrow_dataFootV1:backend/src/services/v3/bulkOddsService.js,11,"`TARGET_BET_IDS` should be a `Set`, and use `TARGET_BET_IDS.has()` to check existence or non-existence.",OPEN,parsisdominique@gmail.com,2026-02-23T11:01:55+0100
b7b69038-5e7c-4277-8ddf-5604d0f55dee,MAJOR,CODE_SMELL,FRmicrow_dataFootV1:backend/src/services/v3/bulkOddsService.js,36,Unexpected lexical declaration in case block.,OPEN,parsisdominique@gmail.com,2026-02-23T11:01:55+0100
670be029-d0f8-477c-bb52-c9a38dca10f4,MAJOR,CODE_SMELL,FRmicrow_dataFootV1:backend/src/services/v3/bulkOddsService.js,37,Unexpected lexical declaration in case block.,OPEN,parsisdominique@gmail.com,2026-02-23T11:01:55+0100
66f9d5e3-ac1b-4d8a-a431-3f60891e5bde,MAJOR,CODE_SMELL,FRmicrow_dataFootV1:backend/src/services/v3/bulkOddsService.js,59,Unexpected lexical declaration in case block.,OPEN,parsisdominique@gmail.com,2026-02-23T11:01:55+0100
8f67e559-40c7-49bc-a7e7-841e5ee1cc16,MAJOR,CODE_SMELL,FRmicrow_dataFootV1:backend/src/services/v3/bulkOddsService.js,60,Unexpected lexical declaration in case block.,OPEN,parsisdominique@gmail.com,2026-02-23T11:01:55+0100
22554406-a3e3-44f4-8293-c2a16cca281f,MINOR,CODE_SMELL,FRmicrow_dataFootV1:backend/src/services/v3/narrativeService.js,10,Don't use a zero fraction in the number.,OPEN,parsisdominique@gmail.com,2026-02-23T11:01:55+0100
0e5775e0-f492-4422-a3f0-3fd9848eb92a,MINOR,CODE_SMELL,FRmicrow_dataFootV1:backend/src/services/v3/narrativeService.js,35,Don't use a zero fraction in the number.,OPEN,parsisdominique@gmail.com,2026-02-23T11:01:55+0100
e61f2511-f150-46b7-961f-5caa36d4f377,MINOR,CODE_SMELL,FRmicrow_dataFootV1:backend/src/services/v3/narrativeService.js,37,Don't use a zero fraction in the number.,OPEN,parsisdominique@gmail.com,2026-02-23T11:01:55+0100
9c2b41b8-3faa-463c-915a-4269daa58a21,MINOR,CODE_SMELL,FRmicrow_dataFootV1:backend/src/scripts/cleanup_v3_trophies.js,2,Prefer `node:fs` over `fs`.,OPEN,parsisdominique@gmail.com,2026-02-22T23:11:49+0100
042d716a-cfce-4717-b327-1c4d629fdb2c,MINOR,CODE_SMELL,FRmicrow_dataFootV1:backend/src/scripts/cleanup_v3_trophies.js,4,Prefer `node:path` over `path`.,OPEN,parsisdominique@gmail.com,2026-02-22T23:11:49+0100
7ef424e0-33ea-4821-a6fe-172447427026,CRITICAL,CODE_SMELL,FRmicrow_dataFootV1:backend/src/scripts/cleanup_v3_trophies.js,10,Refactor this function to reduce its Cognitive Complexity from 19 to the 15 allowed.,OPEN,parsisdominique@gmail.com,2026-02-22T23:11:49+0100
e68e3df3-0048-490a-8a53-6393008f264b,MINOR,CODE_SMELL,FRmicrow_dataFootV1:backend/src/scripts/cleanup_v3_trophies.js,63,Remove the declaration of the unused 'count' variable.,OPEN,parsisdominique@gmail.com,2026-02-22T23:11:49+0100
f9eb2790-86a5-4f4a-a6d5-daf6cf75c16d,MAJOR,CODE_SMELL,FRmicrow_dataFootV1:backend/src/scripts/cleanup_v3_trophies.js,63,"Remove this useless assignment to variable ""count"".",OPEN,parsisdominique@gmail.com,2026-02-22T23:11:49+0100
ba9519f9-a70f-4d42-909b-3da09d037653,MAJOR,CODE_SMELL,FRmicrow_dataFootV1:backend/src/scripts/cleanup_v3_trophies.js,79,"Remove this useless assignment to variable ""keepId"".",OPEN,parsisdominique@gmail.com,2026-02-22T23:11:49+0100
e1992981-b225-4159-a113-82809f43d96d,MINOR,CODE_SMELL,FRmicrow_dataFootV1:backend/src/scripts/cleanup_v3_trophies.js,79,Remove the declaration of the unused 'keepId' variable.,OPEN,parsisdominique@gmail.com,2026-02-22T23:11:49+0100
661f7131-a6a6-4b01-84a6-522ffc6499f4,MAJOR,CODE_SMELL,FRmicrow_dataFootV1:backend/src/scripts/cleanup_v3_trophies.js,128,Prefer top-level await over using a promise chain.,OPEN,parsisdominique@gmail.com,2026-02-22T23:11:49+0100
d3f47e75-8414-41f6-a345-ac8d53b2857b,MINOR,CODE_SMELL,FRmicrow_dataFootV1:backend/src/scripts/deploy_scout_search_engine.js,2,Prefer `node:fs` over `fs`.,OPEN,parsisdominique@gmail.com,2026-02-22T23:11:49+0100
2436134d-2ae3-43fb-a618-a6911f9430de,MINOR,CODE_SMELL,FRmicrow_dataFootV1:backend/src/scripts/deploy_scout_search_engine.js,4,Prefer `node:path` over `path`.,OPEN,parsisdominique@gmail.com,2026-02-22T23:11:49+0100
8751129c-5a86-494e-b01d-727e77162e24,MINOR,CODE_SMELL,FRmicrow_dataFootV1:backend/src/scripts/deploy_scout_search_engine.js,18,Handle this exception or don't catch it at all.,OPEN,parsisdominique@gmail.com,2026-02-22T23:11:49+0100
3bfb9ccf-6a0d-4118-ba0a-0076c35aae73,MINOR,CODE_SMELL,FRmicrow_dataFootV1:backend/src/scripts/deploy_scout_search_engine.js,19,Handle this exception or don't catch it at all.,OPEN,parsisdominique@gmail.com,2026-02-22T23:11:49+0100
4e9b54b6-1f20-409f-9d97-973258905acb,MAJOR,CODE_SMELL,FRmicrow_dataFootV1:backend/src/scripts/deploy_scout_search_engine.js,59,Prefer top-level await over using a promise chain.,OPEN,parsisdominique@gmail.com,2026-02-22T23:11:49+0100
56257b2d-e50f-436d-bd1d-fe9af7617357,MINOR,CODE_SMELL,FRmicrow_dataFootV1:backend/src/scripts/hardening_v3_infrastructure.js,2,Prefer `node:fs` over `fs`.,OPEN,parsisdominique@gmail.com,2026-02-22T23:11:49+0100
08fe1684-58fe-4247-9db0-f7fd90a969c7,MINOR,CODE_SMELL,FRmicrow_dataFootV1:backend/src/scripts/hardening_v3_infrastructure.js,4,Prefer `node:path` over `path`.,OPEN,parsisdominique@gmail.com,2026-02-22T23:11:49+0100
7e6f63b4-8d20-4203-a072-d776db103ea2,CRITICAL,CODE_SMELL,FRmicrow_dataFootV1:backend/src/scripts/hardening_v3_infrastructure.js,10,Refactor this function to reduce its Cognitive Complexity from 18 to the 15 allowed.,OPEN,parsisdominique@gmail.com,2026-02-22T23:11:49+0100
05c38416-30aa-4f70-a08f-dd41f9c91e33,MINOR,CODE_SMELL,FRmicrow_dataFootV1:backend/src/scripts/hardening_v3_infrastructure.js,22,Unexpected negated condition.,OPEN,parsisdominique@gmail.com,2026-02-22T23:11:49+0100
a3a1b2cd-cd71-440c-a84a-d8efd8fb2b53,MAJOR,CODE_SMELL,FRmicrow_dataFootV1:backend/src/scripts/hardening_v3_infrastructure.js,131,Prefer top-level await over using a promise chain.,OPEN,parsisdominique@gmail.com,2026-02-22T23:11:49+0100
05c4e499-5bd5-4ece-a6b8-c1ab81d263db,MINOR,CODE_SMELL,FRmicrow_dataFootV1:backend/src/scripts/hardening_v3_infrastructure_phase2.js,2,Prefer `node:fs` over `fs`.,OPEN,parsisdominique@gmail.com,2026-02-22T23:11:49+0100
07b39fd5-b9cc-462b-a2e9-d7135ba6d0f9,MINOR,CODE_SMELL,FRmicrow_dataFootV1:backend/src/scripts/hardening_v3_infrastructure_phase2.js,4,Prefer `node:path` over `path`.,OPEN,parsisdominique@gmail.com,2026-02-22T23:11:49+0100
f5999582-f267-4ff0-901b-a533539ed6d9,CRITICAL,CODE_SMELL,FRmicrow_dataFootV1:backend/src/scripts/hardening_v3_infrastructure_phase2.js,10,Refactor this function to reduce its Cognitive Complexity from 20 to the 15 allowed.,OPEN,parsisdominique@gmail.com,2026-02-22T23:11:49+0100
6e2adb3d-051a-46a7-bd6d-02da2a1a07fa,MAJOR,CODE_SMELL,FRmicrow_dataFootV1:backend/src/scripts/hardening_v3_infrastructure_phase2.js,119,Prefer top-level await over using a promise chain.,OPEN,parsisdominique@gmail.com,2026-02-22T23:11:49+0100
23f42012-0ece-4ee6-8911-7354c3c925e6,MAJOR,CODE_SMELL,FRmicrow_dataFootV1:backend/src/scripts/v3/cleanupDuplicates.js,45,Prefer top-level await over using a promise chain.,OPEN,parsisdominique@gmail.com,2026-02-22T23:11:49+0100
dc8a98fd-e56c-45ad-9da8-2fa36ea8e188,MAJOR,CODE_SMELL,FRmicrow_dataFootV1:backend/src/scripts/v3/diagnoseDuplicates.js,28,Remove this commented out code.,OPEN,parsisdominique@gmail.com,2026-02-22T23:11:49+0100
830e1a40-4abb-4785-bb27-30d8f2d47444,MAJOR,CODE_SMELL,FRmicrow_dataFootV1:backend/src/scripts/v3/diagnoseDuplicates.js,35,Prefer top-level await over using a promise chain.,OPEN,parsisdominique@gmail.com,2026-02-22T23:11:49+0100
9a3aa8a8-10b5-4e5c-8589-f91d3577eaa2,MINOR,CODE_SMELL,FRmicrow_dataFootV1:backend/src/utils/fuzzy.js,7,Use `new Array()` instead of `Array()`.,OPEN,parsisdominique@gmail.com,2026-02-22T23:11:49+0100
bc011fc9-1bfa-46bd-9627-75effe69cc8b,MINOR,CODE_SMELL,FRmicrow_dataFootV1:backend/src/utils/fuzzy.js,31,Don't use a zero fraction in the number.,OPEN,parsisdominique@gmail.com,2026-02-22T23:11:49+0100
6b67e02d-5499-44cf-9b4c-6aa5ae3e1f1e,MINOR,CODE_SMELL,FRmicrow_dataFootV1:backend/src/utils/fuzzy.js,33,Don't use a zero fraction in the number.,OPEN,parsisdominique@gmail.com,2026-02-22T23:11:49+0100
242b7cbe-6309-43c8-8f56-290ddce7b87f,MINOR,CODE_SMELL,FRmicrow_dataFootV1:backend/src/utils/fuzzy.js,34,Don't use a zero fraction in the number.,OPEN,parsisdominique@gmail.com,2026-02-22T23:11:49+0100
287452d9-e49c-46ec-a542-a8395608ddda,MINOR,CODE_SMELL,FRmicrow_dataFootV1:backend/src/scripts/migrate_v3_continents.js,2,Prefer `node:fs` over `fs`.,OPEN,parsisdominique@gmail.com,2026-02-22T15:32:42+0100
e5e5f7ed-37df-411b-a242-825a4746556f,MINOR,CODE_SMELL,FRmicrow_dataFootV1:backend/src/scripts/migrate_v3_continents.js,4,Prefer `node:path` over `path`.,OPEN,parsisdominique@gmail.com,2026-02-22T15:32:42+0100
24ec02de-fb2b-4b7d-8c13-d572e32e0d5c,CRITICAL,CODE_SMELL,FRmicrow_dataFootV1:backend/src/scripts/migrate_v3_continents.js,10,Refactor this function to reduce its Cognitive Complexity from 18 to the 15 allowed.,OPEN,parsisdominique@gmail.com,2026-02-22T15:32:42+0100
a61b2f90-e2c1-4c6e-ba8f-ea8468ebf927,MINOR,CODE_SMELL,FRmicrow_dataFootV1:backend/src/scripts/migrate_v3_continents.js,23,Unexpected negated condition.,OPEN,parsisdominique@gmail.com,2026-02-22T15:32:42+0100
488f6b1e-67ad-4622-a541-fcb3588ded84,MINOR,CODE_SMELL,FRmicrow_dataFootV1:backend/src/scripts/migrate_v3_continents.js,83,Remove the declaration of the unused 'totalUpdated' variable.,OPEN,parsisdominique@gmail.com,2026-02-22T15:32:42+0100
01791010-18b8-4ab9-ae09-7893bdb34fb1,MAJOR,CODE_SMELL,FRmicrow_dataFootV1:backend/src/scripts/migrate_v3_continents.js,92,"Remove this useless assignment to variable ""res"".",OPEN,parsisdominique@gmail.com,2026-02-22T15:32:42+0100
ed0797c0-c493-4574-bdb5-16cbdd87f20b,MINOR,CODE_SMELL,FRmicrow_dataFootV1:backend/src/scripts/migrate_v3_continents.js,92,Remove the declaration of the unused 'res' variable.,OPEN,parsisdominique@gmail.com,2026-02-22T15:32:42+0100
0c5f89ed-3e4a-4c79-9440-cb1afe3befeb,MAJOR,CODE_SMELL,FRmicrow_dataFootV1:backend/src/scripts/migrate_v3_continents.js,158,Prefer top-level await over using a promise chain.,OPEN,parsisdominique@gmail.com,2026-02-22T15:32:42+0100
c7f2a086-1fc0-4456-8ef0-e6b75b8af994,MINOR,CODE_SMELL,FRmicrow_dataFootV1:backend/src/scripts/migrate_v3_continents_v2.js,2,Prefer `node:fs` over `fs`.,OPEN,parsisdominique@gmail.com,2026-02-22T15:32:42+0100
15e55a8d-3d2e-4da6-bb38-2b13609c9029,MINOR,CODE_SMELL,FRmicrow_dataFootV1:backend/src/scripts/migrate_v3_continents_v2.js,4,Prefer `node:path` over `path`.,OPEN,parsisdominique@gmail.com,2026-02-22T15:32:42+0100
09dd85fc-99a5-425a-b80e-2536520c0625,MAJOR,CODE_SMELL,FRmicrow_dataFootV1:backend/src/scripts/migrate_v3_continents_v2.js,73,Prefer top-level await over using a promise chain.,OPEN,parsisdominique@gmail.com,2026-02-22T15:32:42+0100
28605d3b-8465-4056-9a3b-4dcd8bceb801,MAJOR,CODE_SMELL,FRmicrow_dataFootV1:backend/src/scripts/v3/migrateLeagueRanks.js,41,Prefer top-level await over using a promise chain.,OPEN,parsisdominique@gmail.com,2026-02-22T15:32:42+0100
8830649e-1e98-48e7-9139-c39a2f1c8287,MINOR,CODE_SMELL,FRmicrow_dataFootV1:backend/src/scripts/create_v3_market_views.js,106,Handle this exception or don't catch it at all.,OPEN,parsisdominique@gmail.com,2026-02-20T23:48:50+0100
dadec1b7-d116-4764-80d2-a1ff0603a9d9,MAJOR,CODE_SMELL,FRmicrow_dataFootV1:backend/src/scripts/create_v3_market_views.js,118,Prefer top-level await over using a promise chain.,OPEN,parsisdominique@gmail.com,2026-02-20T23:48:50+0100
311ea01c-a02d-49a8-9de5-bd5356922ae4,MINOR,CODE_SMELL,FRmicrow_dataFootV1:backend/src/scripts/create_v3_odds_simulations.js,2,Prefer `node:fs` over `fs`.,OPEN,parsisdominique@gmail.com,2026-02-20T23:48:50+0100
1699cd04-fac8-4a2e-abd7-8a96d4a5f78d,MINOR,CODE_SMELL,FRmicrow_dataFootV1:backend/src/scripts/create_v3_odds_simulations.js,4,Prefer `node:path` over `path`.,OPEN,parsisdominique@gmail.com,2026-02-20T23:48:50+0100
02ce2310-5384-402a-9820-3ed854de75c4,MINOR,CODE_SMELL,FRmicrow_dataFootV1:backend/src/scripts/create_v3_odds_simulations.js,75,Unexpected negated condition.,OPEN,parsisdominique@gmail.com,2026-02-20T23:48:50+0100
38bb91ba-cba8-4ae4-8b69-b0e95dff27e1,MAJOR,CODE_SMELL,FRmicrow_dataFootV1:backend/src/scripts/create_v3_odds_simulations.js,94,Prefer top-level await over using a promise chain.,OPEN,parsisdominique@gmail.com,2026-02-20T23:48:50+0100
5ce9c802-5b43-4826-9286-e74860234160,MINOR,CODE_SMELL,FRmicrow_dataFootV1:backend/src/scripts/fetch_historical_odds.js,16,"`PREFERRED_BOOKMAKERS` should be a `Set`, and use `PREFERRED_BOOKMAKERS.has()` to check existence or non-existence.",OPEN,parsisdominique@gmail.com,2026-02-20T23:48:50+0100
d0c40a81-d57f-4070-9bac-db3bafec6c0f,CRITICAL,CODE_SMELL,FRmicrow_dataFootV1:backend/src/scripts/fetch_historical_odds.js,20,Refactor this function to reduce its Cognitive Complexity from 21 to the 15 allowed.,OPEN,parsisdominique@gmail.com,2026-02-20T23:48:50+0100
2b85c6e4-60f5-4c60-8c74-9f26aa8d81c2,MAJOR,CODE_SMELL,FRmicrow_dataFootV1:backend/src/scripts/fix_v3_integrity.js,95,Prefer top-level await over using a promise chain.,OPEN,parsisdominique@gmail.com,2026-02-20T23:48:50+0100
86bcdcd0-19a0-40fe-bc3e-c4a901ac655b,MAJOR,CODE_SMELL,FRmicrow_dataFootV1:backend/src/scripts/setup_us_017.js,40,Prefer top-level await over using a promise chain.,OPEN,parsisdominique@gmail.com,2026-02-20T23:48:50+0100
41525ce5-0a0d-4f2b-ad17-42d4d8e4f3b3,MINOR,CODE_SMELL,FRmicrow_dataFootV1:backend/src/scripts/test_match_details.js,13,Remove the declaration of the unused 'h2hRes' variable.,OPEN,parsisdominique@gmail.com,2026-02-20T23:48:50+0100
b99e0037-3e9b-44c8-92b1-441fa680b939,MAJOR,CODE_SMELL,FRmicrow_dataFootV1:backend/src/scripts/test_match_details.js,13,"Remove this useless assignment to variable ""h2hRes"".",OPEN,parsisdominique@gmail.com,2026-02-20T23:48:50+0100
29564212-c9ca-44a5-b1ad-212c4413b5e4,MINOR,CODE_SMELL,FRmicrow_dataFootV1:backend/src/services/v3/leagueImportService.js,38,Unexpected negated condition.,OPEN,parsisdominique@gmail.com,2026-02-20T23:48:50+0100
9802833a-9d2f-44a6-8ece-3c7efa97de0d,MINOR,CODE_SMELL,FRmicrow_dataFootV1:backend/src/services/v3/liveBetService.js,133,The catch parameter `dbErr` should be named `error_`.,OPEN,parsisdominique@gmail.com,2026-02-20T23:48:50+0100
37b9c6b1-c697-4020-92f1-ac1a45ad8832,MINOR,CODE_SMELL,FRmicrow_dataFootV1:backend/src/services/v3/liveBetService.js,175,Handle this exception or don't catch it at all.,OPEN,parsisdominique@gmail.com,2026-02-20T23:48:50+0100
53ea186e-2952-49b4-a97f-9a172b600ae5,MINOR,CODE_SMELL,FRmicrow_dataFootV1:backend/src/scripts/add_indexes.js,10,Prefer `node:fs` over `fs`.,OPEN,parsisdominique@gmail.com,2026-02-18T11:40:53+0100
d4149d44-10e9-4f69-b48f-fdfb6bbe1847,MINOR,CODE_SMELL,FRmicrow_dataFootV1:backend/src/scripts/add_indexes.js,12,Prefer `node:path` over `path`.,OPEN,parsisdominique@gmail.com,2026-02-18T11:40:53+0100
323d1c6b-83ce-41dc-b371-953342e69d91,MAJOR,CODE_SMELL,FRmicrow_dataFootV1:backend/src/scripts/add_indexes.js,206,Prefer top-level await over using a promise chain.,OPEN,parsisdominique@gmail.com,2026-02-18T11:40:53+0100
60ef41b8-f5b2-4d35-87c9-385f995a936c,MINOR,CODE_SMELL,FRmicrow_dataFootV1:backend/src/controllers/v3/predictionController.js,3,Remove this unused import of 'axios'.,OPEN,parsisdominique@gmail.com,2026-02-17T14:26:05+0100
c3cdf77a-db2c-4986-a2fb-78510d796ac4,MINOR,CODE_SMELL,FRmicrow_dataFootV1:backend/src/services/footballApi.js,231,Prefer `String#replaceAll()` over `String#replace()`.,OPEN,parsisdominique@gmail.com,2026-01-26T11:08:17+0100
cde8c411-2657-4d06-8c48-c1082c8ddbac,MINOR,CODE_SMELL,FRmicrow_dataFootV1:backend/src/services/footballApi.js,251,Prefer `String#replaceAll()` over `String#replace()`.,OPEN,parsisdominique@gmail.com,2026-01-26T11:08:17+0100
573ba7e5-5eae-4eea-bcb4-71ab6b8458b0,MAJOR,CODE_SMELL,FRmicrow_dataFootV1:backend/src/services/footballApi.js,290,Update this function so that its implementation is not identical to the one on line 165.,OPEN,parsisdominique@gmail.com,2026-01-26T11:08:17+0100
0a73d80f-8810-4d18-87eb-766b7be1c728,MAJOR,CODE_SMELL,FRmicrow_dataFootV1:backend/src/services/footballApi.js,24,Default parameters should be last.,OPEN,dominiqueparsis@macbookpro.k0s-fr.ibm.com,2026-01-19T10:45:17+0100
e3514d03-6275-402c-8235-2dbd45d45086,MINOR,CODE_SMELL,FRmicrow_dataFootV1:backend/src/services/footballApi.js,38,Prefer `String#replaceAll()` over `String#replace()`.,OPEN,dominiqueparsis@macbookpro.k0s-fr.ibm.com,2026-01-19T10:45:17+0100
68c9deed-822c-4411-b3ee-d220fca5ec4f,MINOR,CODE_SMELL,FRmicrow_dataFootV1:backend/src/services/footballApi.js,93,Prefer `String#replaceAll()` over `String#replace()`.,OPEN,dominiqueparsis@macbookpro.k0s-fr.ibm.com,2026-01-19T10:45:17+0100
